time,pos,cur,cmd_pos,cmd_cur
0.0,306,0,512,512
0.0,306,0,512,512
0.0,204,0,512,512
0.0,204,0,512,512
0.0,306,0,512,512
0.0,306,0,512,512
0.0,204,0,512,512
0.0,204,0,512,512
0.0,306,0,512,512
0.0,306,0,512,512
0.0,204,0,512,512
0.0,204,0,512,512
0.0,306,0,512,512
0.0,204,0,512,512
0.0,306,0,512,512
0.0,204,0,512,512
0.0,306,0,512,512
0.0,204,0,512,512
0.01585555076599121,306,0,512,512
0.01585555076599121,204,0,512,512
0.01585555076599121,306,0,512,512
0.018189191818237305,204,0,512,512
0.018703222274780273,204,0,512,512
0.01967024803161621,306,0,512,512
0.02018117904663086,204,0,512,512
0.02018117904663086,306,0,512,512
0.021969079971313477,204,0,512,512
0.021969079971313477,306,0,512,512
0.021969079971313477,204,0,512,512
0.021969079971313477,306,0,512,512
0.021969079971313477,204,0,512,512
0.021969079971313477,306,0,512,512
0.021969079971313477,305,0,512,512
0.021969079971313477,407,0,512,512
0.021969079971313477,305,0,512,512
0.021969079971313477,407,0,512,512
0.021969079971313477,305,0,512,512
0.031854867935180664,306,0,512,512
0.031854867935180664,306,0,512,512
0.03336668014526367,204,0,512,512
0.03336668014526367,306,0,512,512
0.03336668014526367,204,0,512,512
0.035982608795166016,306,0,512,512
0.035982608795166016,204,0,512,512
0.03705000877380371,306,0,512,512
0.03705000877380371,204,0,512,512
0.03705000877380371,306,0,512,512
0.04008960723876953,204,0,512,512
0.04008960723876953,306,0,512,512
0.04008960723876953,204,0,512,512
0.04273509979248047,306,0,512,512
0.04374504089355469,204,0,512,512
0.0443270206451416,306,0,512,512
0.0443270206451416,204,0,512,512
0.0443270206451416,204,0,512,512
0.0443270206451416,306,0,512,512
0.04816460609436035,204,0,512,512
0.04816460609436035,306,0,512,512
0.04816460609436035,204,0,512,512
0.04816460609436035,306,0,512,512
0.04816460609436035,204,0,512,512
0.04816460609436035,306,0,512,512
0.04816460609436035,204,0,512,512
0.04816460609436035,306,0,512,512
0.04816460609436035,305,0,512,512
0.04816460609436035,407,0,512,512
0.0563197135925293,305,0,512,512
0.0563197135925293,407,0,512,512
0.0563197135925293,305,0,512,512
0.05858254432678223,306,0,512,512
0.05858254432678223,306,0,512,512
0.05858254432678223,204,0,512,512
0.05858254432678223,306,0,512,512
0.05858254432678223,204,0,512,512
0.05858254432678223,306,0,512,512
0.05858254432678223,204,0,512,512
0.06498980522155762,306,0,512,512
0.06576251983642578,204,0,512,512
0.06576251983642578,306,0,512,512
0.06576251983642578,204,0,512,512
0.06576251983642578,306,0,512,512
0.06576251983642578,204,0,512,512
0.06576251983642578,306,0,512,512
0.06576251983642578,204,0,512,512
0.06576251983642578,306,0,512,512
0.07263803482055664,204,0,512,512
0.07263803482055664,204,0,512,512
0.07263803482055664,306,0,512,512
0.07263803482055664,204,0,512,512
0.07519412040710449,306,0,512,512
0.07519412040710449,204,0,512,512
0.07519412040710449,306,0,512,512
0.07519412040710449,204,0,512,512
0.07519412040710449,306,0,512,512
0.07519412040710449,204,0,512,512
0.07519412040710449,306,0,512,512
0.07519412040710449,305,0,512,512
0.07519412040710449,407,0,512,512
0.07519412040710449,305,0,512,512
0.07519412040710449,407,0,512,512
0.07519412040710449,305,0,512,512
0.07519412040710449,306,0,512,512
0.07519412040710449,306,0,512,512
0.07519412040710449,204,0,512,512
0.08831048011779785,306,0,512,512
0.08831048011779785,204,0,512,512
0.08831048011779785,306,0,512,512
0.08831048011779785,204,0,512,512
0.08831048011779785,306,0,512,512
0.08831048011779785,204,0,512,512
0.08831048011779785,306,0,512,512
0.08831048011779785,204,0,512,512
0.08831048011779785,306,0,512,512
0.08831048011779785,204,0,512,512
0.08831048011779785,306,0,512,512
0.08831048011779785,204,0,512,512
0.08831048011779785,306,0,512,512
0.08831048011779785,204,0,512,512
0.08831048011779785,204,0,512,512
0.08831048011779785,306,0,512,512
0.08831048011779785,204,0,512,512
0.08831048011779785,306,0,512,512
0.10405492782592773,204,0,512,512
0.1050262451171875,306,0,512,512
0.10555410385131836,204,0,512,512
0.10555410385131836,306,0,512,512
0.10555410385131836,204,0,512,512
0.10555410385131836,306,0,512,512
0.10555410385131836,305,0,512,512
0.10555410385131836,407,0,512,512
0.10555410385131836,305,0,512,512
0.10555410385131836,407,0,512,512
0.10555410385131836,305,0,512,512
0.10555410385131836,306,0,512,512
0.10555410385131836,306,0,512,512
0.10555410385131836,204,0,512,512
0.10555410385131836,306,0,512,512
0.10555410385131836,204,0,512,512
0.10555410385131836,306,0,512,512
0.10555410385131836,204,0,512,512
0.10555410385131836,306,0,512,512
0.12014031410217285,204,0,512,512
0.12014031410217285,306,0,512,512
0.12014031410217285,204,0,512,512
0.12014031410217285,306,0,512,512
0.12014031410217285,204,0,512,512
0.12014031410217285,306,0,512,512
0.12014031410217285,204,0,512,512
0.12014031410217285,306,0,512,512
0.12014031410217285,204,0,512,512
0.12014031410217285,204,0,512,512
0.12014031410217285,306,0,512,512
0.12014031410217285,204,0,512,512
0.12014031410217285,306,0,512,512
0.12014031410217285,204,0,512,512
0.12014031410217285,306,0,512,512
0.12014031410217285,204,0,512,512
0.12014031410217285,306,0,512,512
0.12014031410217285,204,0,512,512
0.12014031410217285,306,0,512,512
0.13638663291931152,305,0,512,512
0.13682341575622559,407,0,512,512
0.13682341575622559,305,0,512,512
0.13682341575622559,407,0,512,512
0.13682341575622559,305,0,512,512
0.13682341575622559,306,0,512,512
0.13682341575622559,306,0,512,512
0.13682341575622559,204,0,512,512
0.13682341575622559,306,0,512,512
0.13682341575622559,204,0,512,512
0.13682341575622559,306,0,512,512
0.13682341575622559,204,0,512,512
0.13682341575622559,306,0,512,512
0.13682341575622559,204,0,512,512
0.13682341575622559,306,0,512,512
0.13682341575622559,204,0,512,512
0.13682341575622559,306,0,512,512
0.13682341575622559,204,0,512,512
0.15155029296875,306,0,512,512
0.15155029296875,204,0,512,512
0.1535646915435791,306,0,512,512
0.1535646915435791,204,0,512,512
0.1535646915435791,204,0,512,512
0.155836820602417,306,0,512,512
0.15653133392333984,204,0,512,512
0.1585397720336914,306,0,512,512
0.1585397720336914,204,0,512,512
0.15905427932739258,306,0,512,512
0.15905427932739258,204,0,512,512
0.16086292266845703,306,0,512,512
0.16086292266845703,204,0,512,512
0.16255593299865723,306,0,512,512
0.16255593299865723,305,0,512,512
0.16456317901611328,407,0,512,512
0.16456317901611328,305,0,512,512
0.16456317901611328,407,0,512,512
0.16657018661499023,305,0,512,512
0.16657018661499023,306,0,512,512
0.16657018661499023,306,0,512,512
0.16657018661499023,204,0,512,512
0.16657018661499023,306,0,512,512
0.16657018661499023,204,0,512,512
0.16657018661499023,306,0,512,512
0.16657018661499023,204,0,512,512
0.16657018661499023,306,0,512,512
0.17457008361816406,204,0,512,512
0.17457008361816406,306,0,512,512
0.17457008361816406,204,0,512,512
0.17457008361816406,306,0,512,512
0.17457008361816406,204,0,512,512
0.17457008361816406,306,0,512,512
0.17457008361816406,204,0,512,512
0.17457008361816406,306,0,512,512
0.17457008361816406,204,0,512,512
0.17457008361816406,204,0,512,512
0.18267512321472168,306,0,512,512
0.18267512321472168,204,0,512,512
0.18267512321472168,306,0,512,512
0.18267512321472168,204,0,512,512
0.18267512321472168,306,0,512,512
0.18267512321472168,204,0,512,512
0.18267512321472168,306,0,512,512
0.18267512321472168,204,0,512,512
0.18267512321472168,306,0,512,512
0.19079232215881348,305,0,512,512
0.19181370735168457,407,0,512,512
0.19259333610534668,305,0,512,512
0.1931159496307373,407,0,512,512
0.1931159496307373,305,0,512,512
0.1931159496307373,306,0,512,512
0.1931159496307373,306,0,512,512
0.1931159496307373,204,0,512,512
0.1931159496307373,306,0,512,512
0.1931159496307373,204,0,512,512
0.19880938529968262,306,0,512,512
0.19880938529968262,204,0,512,512
0.19880938529968262,306,0,512,512
0.19880938529968262,204,0,512,512
0.19880938529968262,306,0,512,512
0.19880938529968262,204,0,512,512
0.19880938529968262,306,0,512,512
0.19880938529968262,204,0,512,512
0.19880938529968262,306,0,512,512
0.2071387767791748,204,0,512,512
0.20772099494934082,306,0,512,512
0.2082805633544922,204,0,512,512
0.2082805633544922,204,0,512,512
0.21029067039489746,306,0,512,512
0.21029067039489746,204,0,512,512
0.21029067039489746,306,0,512,512
0.21029067039489746,204,0,512,512
0.21029067039489746,306,0,512,512
0.21029067039489746,204,0,512,512
0.21029067039489746,306,0,512,512
0.21029067039489746,204,0,512,512
0.21029067039489746,306,0,512,512
0.21029067039489746,305,0,512,512
0.21029067039489746,407,0,512,512
0.21029067039489746,305,0,512,512
0.21029067039489746,407,0,512,512
0.21029067039489746,305,0,512,512
0.21029067039489746,306,0,512,512
0.21029067039489746,306,0,512,512
0.22401976585388184,204,0,512,512
0.22401976585388184,306,0,512,512
0.22576618194580078,204,0,512,512
0.22662734985351562,306,0,512,512
0.22662734985351562,204,0,512,512
0.22662734985351562,306,0,512,512
0.22662734985351562,204,0,512,512
0.22662734985351562,306,0,512,512
0.22662734985351562,204,0,512,512
0.22662734985351562,306,0,512,512
0.23179984092712402,204,0,512,512
0.23179984092712402,306,0,512,512
0.23179984092712402,204,0,512,512
0.23179984092712402,306,0,512,512
0.23179984092712402,204,0,512,512
0.23179984092712402,204,0,512,512
0.23179984092712402,306,0,512,512
0.23179984092712402,204,0,512,512
0.23179984092712402,306,0,512,512
0.23993301391601562,204,0,512,512
0.23993301391601562,306,0,512,512
0.23993301391601562,204,0,512,512
0.24197793006896973,306,0,512,512
0.24197793006896973,204,0,512,512
0.24197793006896973,306,0,512,512
0.24197793006896973,305,0,512,512
0.24197793006896973,407,0,512,512
0.24197793006896973,305,0,512,512
0.24796295166015625,407,0,512,512
0.24796295166015625,305,0,512,512
0.24796295166015625,306,0,512,512
0.24796295166015625,306,0,512,512
0.24796295166015625,204,0,512,512
0.24796295166015625,306,0,512,512
0.24796295166015625,204,0,512,512
0.24796295166015625,306,0,512,512
0.24796295166015625,204,0,512,512
0.24796295166015625,306,0,512,512
0.25615739822387695,204,0,512,512
0.25816869735717773,306,0,512,512
0.25816869735717773,204,0,512,512
0.25816869735717773,306,0,512,512
0.2644379138946533,204,0,512,512
0.2644379138946533,306,0,512,512
0.2644379138946533,204,0,512,512
0.2644379138946533,306,0,512,512
0.2644379138946533,204,0,512,512
0.2644379138946533,204,0,512,512
0.2644379138946533,306,0,512,512
0.26566195487976074,204,0,512,512
0.26566195487976074,306,0,512,512
0.26566195487976074,204,0,512,512
0.2676980495452881,306,0,512,512
0.2676980495452881,204,0,512,512
0.2676980495452881,306,0,512,512
0.2676980495452881,204,0,512,512
0.2676980495452881,306,0,512,512
0.2676980495452881,306,0,512,512
0.2676980495452881,409,0,512,512
0.2676980495452881,306,0,512,512
0.2676980495452881,409,0,512,512
0.2751936912536621,306,0,512,512
0.2751936912536621,306,0,512,512
0.27834010124206543,306,0,512,512
0.27834010124206543,204,0,512,512
0.27834010124206543,306,0,512,512
0.2801356315612793,204,0,512,512
0.2801356315612793,306,0,512,512
0.2817230224609375,204,0,512,512
0.2817230224609375,306,0,512,512
0.28336358070373535,204,0,512,512
0.28336358070373535,306,0,512,512
0.28502726554870605,204,0,512,512
0.28502726554870605,306,0,512,512
0.28679895401000977,204,0,512,512
0.28679895401000977,306,0,512,512
0.2883932590484619,204,0,512,512
0.2883932590484619,306,0,512,512
0.2901155948638916,204,0,512,512
0.29146671295166016,204,0,512,512
0.29146671295166016,306,0,512,512
0.29146671295166016,204,0,512,512
0.2932558059692383,306,0,512,512
0.29480910301208496,204,0,512,512
0.29480910301208496,306,0,512,512
0.2963597774505615,204,0,512,512
0.2963597774505615,306,0,512,512
0.2980310916900635,204,0,512,512
0.2980310916900635,306,0,512,512
0.2996025085449219,306,0,512,512
0.2996025085449219,409,0,512,512
0.3013606071472168,306,0,512,512
0.3013606071472168,409,0,512,512
0.30294322967529297,306,0,512,512
0.30294322967529297,306,0,512,512
0.3046743869781494,306,0,512,512
0.3046743869781494,204,0,512,512
0.3062615394592285,306,0,512,512
0.3062615394592285,204,0,512,512
0.3084127902984619,306,0,512,512
0.3084127902984619,204,0,512,512
0.3094315528869629,306,0,512,512
0.3094315528869629,204,0,512,512
0.3109774589538574,306,0,512,512
0.31252169609069824,204,0,512,512
0.31252169609069824,306,0,512,512
0.3141212463378906,204,0,512,512
0.3141212463378906,306,0,512,512
0.3141212463378906,204,0,512,512
0.3141212463378906,306,0,512,512
0.3141212463378906,204,0,512,512
0.3141212463378906,204,0,512,512
0.3141212463378906,306,0,512,512
0.3141212463378906,204,0,512,512
0.3141212463378906,306,0,512,512
0.3141212463378906,204,0,512,512
0.3141212463378906,306,0,512,512
0.32367873191833496,204,0,512,512
0.32367873191833496,306,0,512,512
0.3250865936279297,204,0,512,512
0.32559752464294434,306,0,512,512
0.32559752464294434,305,0,512,512
0.32559752464294434,407,0,512,512
0.32559752464294434,305,0,512,512
0.32559752464294434,407,0,512,512
0.32559752464294434,305,0,512,512
0.32559752464294434,306,0,512,512
0.32559752464294434,306,0,512,512
0.32559752464294434,204,0,512,512
0.32559752464294434,306,0,512,512
0.32559752464294434,204,0,512,512
0.32559752464294434,306,0,512,512
0.32559752464294434,204,0,512,512
0.32559752464294434,306,0,512,512
0.32559752464294434,204,0,512,512
0.32559752464294434,306,0,512,512
0.3396108150482178,204,0,512,512
0.3396108150482178,306,0,512,512
0.3396108150482178,204,0,512,512
0.3396108150482178,306,0,512,512
0.3396108150482178,204,0,512,512
0.3396108150482178,306,0,512,512
0.3396108150482178,204,0,512,512
0.3396108150482178,204,0,512,512
0.3396108150482178,306,0,512,512
0.3396108150482178,204,0,512,512
0.3396108150482178,306,0,512,512
0.3396108150482178,204,0,512,512
0.3396108150482178,306,0,512,512
0.3396108150482178,204,0,512,512
0.3396108150482178,306,0,512,512
0.3396108150482178,204,0,512,512
0.3396108150482178,306,0,512,512
0.3396108150482178,305,0,512,512
0.35528993606567383,407,0,512,512
0.35528993606567383,305,0,512,512
0.35528993606567383,407,0,512,512
0.35528993606567383,305,0,512,512
0.35528993606567383,306,0,512,512
0.35528993606567383,306,0,512,512
0.35528993606567383,204,0,512,512
0.35528993606567383,306,0,512,512
0.35528993606567383,204,0,512,512
0.35528993606567383,306,0,512,512
0.35528993606567383,204,0,512,512
0.35528993606567383,306,0,512,512
0.35528993606567383,204,0,512,512
0.35528993606567383,306,0,512,512
0.35528993606567383,204,0,512,512
0.35528993606567383,306,0,512,512
0.35528993606567383,204,0,512,512
0.35528993606567383,306,0,512,512
0.35528993606567383,204,0,512,512
0.35528993606567383,306,0,512,512
0.37163543701171875,204,0,512,512
0.37163543701171875,204,0,512,512
0.37304139137268066,306,0,512,512
0.37304139137268066,204,0,512,512
0.37577199935913086,306,0,512,512
0.37577199935913086,204,0,512,512
0.3769798278808594,306,0,512,512
0.37749147415161133,204,0,512,512
0.37749147415161133,306,0,512,512
0.3792431354522705,204,0,512,512
0.3792431354522705,306,0,512,512
0.3792431354522705,306,0,512,512
0.38196396827697754,409,0,512,512
0.38231539726257324,306,0,512,512
0.38231539726257324,409,0,512,512
0.38231539726257324,306,0,512,512
0.38231539726257324,306,0,512,512
0.38231539726257324,306,0,512,512
0.38231539726257324,204,0,512,512
0.38785314559936523,306,0,512,512
0.38785314559936523,204,0,512,512
0.38785314559936523,306,0,512,512
0.38785314559936523,204,0,512,512
0.39121198654174805,306,0,512,512
0.39121198654174805,204,0,512,512
0.39121198654174805,306,0,512,512
0.39121198654174805,204,0,512,512
0.39121198654174805,306,0,512,512
0.3959786891937256,204,0,512,512
0.3959786891937256,306,0,512,512
0.3959786891937256,204,0,512,512
0.3959786891937256,306,0,512,512
0.3959786891937256,204,0,512,512
0.3959786891937256,204,0,512,512
0.3959786891937256,306,0,512,512
0.3959786891937256,204,0,512,512
0.3959786891937256,306,0,512,512
0.3959786891937256,204,0,512,512
0.40416884422302246,306,0,512,512
0.4048292636871338,204,0,512,512
0.40567708015441895,306,0,512,512
0.4067375659942627,204,0,512,512
0.4067375659942627,306,0,512,512
0.40813279151916504,306,0,512,512
0.40813279151916504,409,0,512,512
0.40813279151916504,306,0,512,512
0.40813279151916504,409,0,512,512
0.40813279151916504,306,0,512,512
0.40813279151916504,306,0,512,512
0.40813279151916504,306,0,512,512
0.40813279151916504,204,0,512,512
0.40813279151916504,306,0,512,512
0.40813279151916504,204,0,512,512
0.40813279151916504,306,0,512,512
0.40813279151916504,204,0,512,512
0.40813279151916504,306,0,512,512
0.40813279151916504,204,0,512,512
0.419818639755249,306,0,512,512
0.419818639755249,204,0,512,512
0.419818639755249,306,0,512,512
0.419818639755249,204,0,512,512
0.419818639755249,306,0,512,512
0.419818639755249,204,0,512,512
0.419818639755249,306,0,512,512
0.419818639755249,204,0,512,512
0.419818639755249,204,0,512,512
0.419818639755249,306,0,512,512
0.419818639755249,204,0,512,512
0.419818639755249,306,0,512,512
0.419818639755249,204,0,512,512
0.419818639755249,306,0,512,512
0.419818639755249,204,0,512,512
0.419818639755249,306,0,512,512
0.419818639755249,204,0,512,512
0.419818639755249,306,0,512,512
0.419818639755249,305,0,512,512
0.43594956398010254,407,0,512,512
0.43763017654418945,305,0,512,512
0.43763017654418945,407,0,512,512
0.43920397758483887,305,0,512,512
0.43920397758483887,306,0,512,512
0.4407520294189453,306,0,512,512
0.4407520294189453,204,0,512,512
0.44240593910217285,306,0,512,512
0.44240593910217285,204,0,512,512
0.44240593910217285,306,0,512,512
0.44240593910217285,204,0,512,512
0.44240593910217285,306,0,512,512
0.44240593910217285,204,0,512,512
0.44240593910217285,306,0,512,512
0.44240593910217285,204,0,512,512
0.44240593910217285,306,0,512,512
0.44240593910217285,204,0,512,512
0.44240593910217285,306,0,512,512
0.45188117027282715,204,0,512,512
0.452838659286499,306,0,512,512
0.4536283016204834,204,0,512,512
0.4536283016204834,204,0,512,512
0.4536283016204834,306,0,512,512
0.4536283016204834,204,0,512,512
0.4536283016204834,306,0,512,512
0.4536283016204834,204,0,512,512
0.4536283016204834,306,0,512,512
0.4536283016204834,204,0,512,512
0.4536283016204834,306,0,512,512
0.4536283016204834,204,0,512,512
0.4536283016204834,306,0,512,512
0.4536283016204834,305,0,512,512
0.4536283016204834,407,0,512,512
0.4536283016204834,305,0,512,512
0.4536283016204834,407,0,512,512
0.4536283016204834,305,0,512,512
0.4536283016204834,306,0,512,512
0.46759510040283203,306,0,512,512
0.46759510040283203,204,0,512,512
0.46759510040283203,306,0,512,512
0.46759510040283203,204,0,512,512
0.46759510040283203,306,0,512,512
0.46759510040283203,204,0,512,512
0.46759510040283203,306,0,512,512
0.46759510040283203,204,0,512,512
0.46759510040283203,306,0,512,512
0.46759510040283203,204,0,512,512
0.46759510040283203,306,0,512,512
0.46759510040283203,204,0,512,512
0.46759510040283203,306,0,512,512
0.46759510040283203,204,0,512,512
0.46759510040283203,306,0,512,512
0.46759510040283203,204,0,512,512
0.48143815994262695,204,0,512,512
0.48143815994262695,306,0,512,512
0.48352479934692383,204,0,512,512
0.48352479934692383,306,0,512,512
0.48352479934692383,204,0,512,512
0.48352479934692383,307,0,512,512
0.48352479934692383,204,0,512,512
0.48352479934692383,307,0,512,512
0.48352479934692383,204,0,512,512
0.48352479934692383,306,0,512,512
0.48352479934692383,305,0,512,512
0.48352479934692383,407,0,512,512
0.48352479934692383,305,0,512,512
0.48352479934692383,407,0,512,512
0.48352479934692383,305,0,512,512
0.48352479934692383,306,0,512,512
0.48352479934692383,306,0,512,512
0.48352479934692383,204,0,512,512
0.48352479934692383,306,0,512,512
0.48352479934692383,204,0,512,512
0.48352479934692383,306,0,512,512
0.49933958053588867,204,0,512,512
0.49933958053588867,306,0,512,512
0.49933958053588867,204,0,512,512
0.49933958053588867,306,0,512,512
0.49933958053588867,204,0,512,512
0.49933958053588867,306,0,512,512
0.49933958053588867,204,0,512,512
0.49933958053588867,306,0,512,512
0.49933958053588867,204,0,512,512
0.49933958053588867,306,0,512,512
0.49933958053588867,204,0,512,512
0.49933958053588867,204,0,512,512
0.49933958053588867,306,0,512,512
0.49933958053588867,204,0,512,512
0.49933958053588867,306,0,512,512
0.49933958053588867,204,0,512,512
0.49933958053588867,306,0,512,512
0.49933958053588867,204,0,512,512
0.49933958053588867,306,0,512,512
0.5158324241638184,204,0,512,512
0.5158324241638184,306,0,512,512
0.5171847343444824,305,0,512,512
0.5179259777069092,407,0,512,512
0.5179259777069092,305,0,512,512
0.5179259777069092,407,0,512,512
0.5179259777069092,305,0,512,512
0.5179259777069092,306,0,512,512
0.5179259777069092,306,0,512,512
0.5179259777069092,204,0,512,512
0.5179259777069092,306,0,512,512
0.5179259777069092,204,0,512,512
0.5179259777069092,306,0,512,512
0.5179259777069092,204,0,512,512
0.5179259777069092,306,0,512,512
0.5179259777069092,204,0,512,512
0.5179259777069092,306,0,512,512
0.5179259777069092,204,0,512,512
0.5309393405914307,306,0,512,512
0.5319435596466064,204,0,512,512
0.5324270725250244,306,0,512,512
0.5337538719177246,204,0,512,512
0.5337538719177246,306,0,512,512
0.5337538719177246,204,0,512,512
0.5337538719177246,204,0,512,512
0.5337538719177246,306,0,512,512
0.5337538719177246,204,0,512,512
0.5337538719177246,306,0,512,512
0.5390458106994629,204,0,512,512
0.5390458106994629,306,0,512,512
0.5390458106994629,204,0,512,512
0.5416979789733887,306,0,512,512
0.5416979789733887,204,0,512,512
0.5416979789733887,306,0,512,512
0.5416979789733887,305,0,512,512
0.5416979789733887,407,0,512,512
0.5416979789733887,305,0,512,512
0.5416979789733887,407,0,512,512
0.5474705696105957,305,0,512,512
0.5474705696105957,306,0,512,512
0.5474705696105957,306,0,512,512
0.5474705696105957,204,0,512,512
0.5474705696105957,306,0,512,512
0.5474705696105957,204,0,512,512
0.5474705696105957,306,0,512,512
0.5474705696105957,204,0,512,512
0.5474705696105957,306,0,512,512
0.5557270050048828,204,0,512,512
0.5557270050048828,306,0,512,512
0.5557270050048828,204,0,512,512
0.5582501888275146,306,0,512,512
0.5582501888275146,204,0,512,512
0.5582501888275146,307,0,512,512
0.560260534286499,204,0,512,512
0.5613107681274414,307,0,512,512
0.561830997467041,204,0,512,512
0.561830997467041,204,0,512,512
0.561830997467041,306,0,512,512
0.561830997467041,204,0,512,512
0.561830997467041,306,0,512,512
0.561830997467041,204,0,512,512
0.561830997467041,306,0,512,512
0.561830997467041,204,0,512,512
0.561830997467041,306,0,512,512
0.561830997467041,204,0,512,512
0.561830997467041,306,0,512,512
0.5714354515075684,305,0,512,512
0.5714354515075684,407,0,512,512
0.5714354515075684,305,0,512,512
0.5714354515075684,407,0,512,512
0.5714354515075684,305,0,512,512
0.5714354515075684,306,0,512,512
0.5714354515075684,306,0,512,512
0.5714354515075684,204,0,512,512
0.5714354515075684,306,0,512,512
0.5714354515075684,204,0,512,512
0.5714354515075684,306,0,512,512
0.5714354515075684,204,0,512,512
0.5714354515075684,306,0,512,512
0.5714354515075684,204,0,512,512
0.5714354515075684,306,0,512,512
0.5714354515075684,204,0,512,512
0.5714354515075684,306,0,512,512
0.5714354515075684,204,0,512,512
0.5871052742004395,306,0,512,512
0.5871052742004395,204,0,512,512
0.5871052742004395,306,0,512,512
0.5891170501708984,204,0,512,512
0.5911259651184082,204,0,512,512
0.5911259651184082,306,0,512,512
0.5911259651184082,204,0,512,512
0.5911259651184082,306,0,512,512
0.5911259651184082,204,0,512,512
0.5911259651184082,306,0,512,512
0.5911259651184082,204,0,512,512
0.5911259651184082,306,0,512,512
0.5911259651184082,204,0,512,512
0.5911259651184082,306,0,512,512
0.5911259651184082,305,0,512,512
0.5911259651184082,407,0,512,512
0.5911259651184082,305,0,512,512
0.5911259651184082,407,0,512,512
0.6027712821960449,305,0,512,512
0.6027712821960449,306,0,512,512
0.6027712821960449,306,0,512,512
0.6027712821960449,204,0,512,512
0.6027712821960449,306,0,512,512
0.6027712821960449,204,0,512,512
0.6084139347076416,306,0,512,512
0.6084139347076416,204,0,512,512
0.6084139347076416,306,0,512,512
0.6084139347076416,204,0,512,512
0.6084139347076416,306,0,512,512
0.6084139347076416,204,0,512,512
0.6084139347076416,306,0,512,512
0.6084139347076416,204,0,512,512
0.6084139347076416,306,0,512,512
0.6084139347076416,204,0,512,512
0.6084139347076416,306,0,512,512
0.6084139347076416,204,0,512,512
0.6084139347076416,204,0,512,512
0.6184930801391602,306,0,512,512
0.6193950176239014,204,0,512,512
0.6204209327697754,306,0,512,512
0.6204209327697754,204,0,512,512
0.6204209327697754,306,0,512,512
0.6204209327697754,204,0,512,512
0.6204209327697754,306,0,512,512
0.6204209327697754,204,0,512,512
0.6204209327697754,306,0,512,512
0.6204209327697754,305,0,512,512
0.6204209327697754,407,0,512,512
0.6204209327697754,305,0,512,512
0.6204209327697754,407,0,512,512
0.6204209327697754,305,0,512,512
0.6204209327697754,306,0,512,512
0.6204209327697754,306,0,512,512
0.6204209327697754,204,0,512,512
0.6204209327697754,306,0,512,512
0.6204209327697754,204,0,512,512
0.634291410446167,306,0,512,512
0.634291410446167,204,0,512,512
0.636300802230835,306,0,512,512
0.636300802230835,204,0,512,512
0.6383106708526611,306,0,512,512
0.6383106708526611,204,0,512,512
0.6383106708526611,306,0,512,512
0.6383106708526611,204,0,512,512
0.6383106708526611,306,0,512,512
0.6383106708526611,204,0,512,512
0.6383106708526611,306,0,512,512
0.6383106708526611,204,0,512,512
0.6383106708526611,204,0,512,512
0.6383106708526611,306,0,512,512
0.6383106708526611,204,0,512,512
0.6383106708526611,306,0,512,512
0.6383106708526611,204,0,512,512
0.6383106708526611,306,0,512,512
0.6383106708526611,204,0,512,512
0.6623468399047852,306,0,512,512
0.6623468399047852,204,0,512,512
0.6623468399047852,306,0,512,512
0.6623468399047852,305,0,512,512
0.6623468399047852,407,0,512,512
0.6623468399047852,305,0,512,512
0.6623468399047852,407,0,512,512
0.6623468399047852,305,0,512,512
0.6623468399047852,306,0,512,512
0.6623468399047852,306,0,512,512
0.6623468399047852,204,0,512,512
0.6623468399047852,306,0,512,512
0.6623468399047852,204,0,512,512
0.6623468399047852,306,0,512,512
0.6623468399047852,204,0,512,512
0.6623468399047852,306,0,512,512
0.6623468399047852,204,0,512,512
0.6623468399047852,306,0,512,512
0.6660575866699219,204,0,512,512
0.6660575866699219,306,0,512,512
0.6660575866699219,204,0,512,512
0.6660575866699219,306,0,512,512
0.6660575866699219,204,0,512,512
0.6660575866699219,306,0,512,512
0.6660575866699219,204,0,512,512
0.6660575866699219,204,0,512,512
0.6660575866699219,306,0,512,512
0.6660575866699219,204,0,512,512
0.6660575866699219,306,0,512,512
0.6660575866699219,204,0,512,512
0.6660575866699219,306,0,512,512
0.6660575866699219,204,0,512,512
0.6660575866699219,306,0,512,512
0.6660575866699219,204,0,512,512
0.6660575866699219,306,0,512,512
0.6660575866699219,305,0,512,512
0.6660575866699219,407,0,512,512
0.6819517612457275,305,0,512,512
0.6819517612457275,407,0,512,512
0.6819517612457275,305,0,512,512
0.6819517612457275,306,0,512,512
0.6819517612457275,306,0,512,512
0.6819517612457275,204,0,512,512
0.6819517612457275,306,0,512,512
0.6819517612457275,204,0,512,512
0.6819517612457275,306,0,512,512
0.6819517612457275,204,0,512,512
0.6819517612457275,306,0,512,512
0.6819517612457275,204,0,512,512
0.6819517612457275,306,0,512,512
0.6819517612457275,204,0,512,512
0.6819517612457275,306,0,512,512
0.6819517612457275,204,0,512,512
0.6819517612457275,306,0,512,512
0.6819517612457275,204,0,512,512
0.6997365951538086,306,0,512,512
0.6997365951538086,204,0,512,512
0.6997365951538086,204,0,512,512
0.7002818584442139,306,0,512,512
0.701042890548706,204,0,512,512
0.701042890548706,306,0,512,512
0.701042890548706,204,0,512,512
0.701042890548706,306,0,512,512
0.701042890548706,204,0,512,512
0.701042890548706,306,0,512,512
0.701042890548706,204,0,512,512
0.701042890548706,306,0,512,512
0.701042890548706,305,0,512,512
0.7085797786712646,407,0,512,512
0.7085797786712646,305,0,512,512
0.7085797786712646,407,0,512,512
0.7085797786712646,305,0,512,512
0.7085797786712646,306,0,512,512
0.7085797786712646,306,0,512,512
0.7137472629547119,204,0,512,512
0.7137472629547119,306,0,512,512
0.7137472629547119,204,0,512,512
0.7157585620880127,306,0,512,512
0.7478008270263672,204,0,512,512
0.7491402626037598,306,0,512,512
0.7491402626037598,204,0,512,512
0.7491402626037598,306,0,512,512
0.7491402626037598,204,0,512,512
0.7491402626037598,306,0,512,512
0.7491402626037598,204,0,512,512
0.7491402626037598,306,0,512,512
0.7496867179870605,204,0,512,512
0.7496867179870605,306,0,512,512
0.7496867179870605,204,0,512,512
0.7496867179870605,204,0,512,512
0.7496867179870605,306,0,512,512
0.7496867179870605,204,0,512,512
0.7496867179870605,306,0,512,512
0.7496867179870605,204,0,512,512
0.7496867179870605,306,0,512,512
0.7496867179870605,204,0,512,512
0.7496867179870605,306,0,512,512
0.7496867179870605,204,0,512,512
0.7496867179870605,306,0,512,512
0.7496867179870605,305,0,512,512
0.7496867179870605,407,0,512,512
0.7496867179870605,305,0,512,512
0.7496867179870605,407,0,512,512
0.7496867179870605,305,0,512,512
0.7496867179870605,306,0,512,512
0.7496867179870605,306,0,512,512
0.7496867179870605,204,0,512,512
0.7496867179870605,306,0,512,512
0.7496867179870605,204,0,512,512
0.7496867179870605,306,0,512,512
0.7496867179870605,204,0,512,512
0.7496867179870605,306,0,512,512
0.7496867179870605,204,0,512,512
0.7517714500427246,306,0,512,512
0.7517714500427246,204,0,512,512
0.7517714500427246,306,0,512,512
0.7517714500427246,204,0,512,512
0.7517714500427246,306,0,512,512
0.7517714500427246,204,0,512,512
0.7517714500427246,306,0,512,512
0.7524652481079102,204,0,512,512
0.7535700798034668,204,0,512,512
0.7541971206665039,306,0,512,512
0.7541971206665039,204,0,512,512
0.7541971206665039,306,0,512,512
0.7541971206665039,204,0,512,512
0.7541971206665039,306,0,512,512
0.7541971206665039,204,0,512,512
0.7541971206665039,306,0,512,512
0.7541971206665039,204,0,512,512
0.7541971206665039,306,0,512,512
0.7618277072906494,305,0,512,512
0.7618277072906494,407,0,512,512
0.7639191150665283,305,0,512,512
0.7639191150665283,407,0,512,512
0.7639191150665283,305,0,512,512
0.76593017578125,306,0,512,512
0.76593017578125,306,0,512,512
0.7679424285888672,204,0,512,512
0.7679424285888672,306,0,512,512
0.7698993682861328,204,0,512,512
0.7698993682861328,306,0,512,512
0.7698993682861328,204,0,512,512
0.7698993682861328,306,0,512,512
0.7698993682861328,204,0,512,512
0.7698993682861328,306,0,512,512
0.7749168872833252,204,0,512,512
0.7749168872833252,306,0,512,512
0.7749168872833252,204,0,512,512
0.7776217460632324,306,0,512,512
0.7781143188476562,204,0,512,512
0.7781143188476562,306,0,512,512
0.7781143188476562,204,0,512,512
0.7781143188476562,204,0,512,512
0.7781143188476562,306,0,512,512
0.7781143188476562,204,0,512,512
0.7829627990722656,306,0,512,512
0.7829627990722656,204,0,512,512
0.7829627990722656,306,0,512,512
0.7829627990722656,204,0,512,512
0.7829627990722656,306,0,512,512
0.7829627990722656,204,0,512,512
0.7829627990722656,306,0,512,512
0.7829627990722656,305,0,512,512
0.7829627990722656,407,0,512,512
0.7921969890594482,305,0,512,512
0.7921969890594482,407,0,512,512
0.7921969890594482,305,0,512,512
0.7921969890594482,306,0,512,512
0.7921969890594482,306,0,512,512
0.7921969890594482,204,0,512,512
0.7921969890594482,306,0,512,512
0.7921969890594482,204,0,512,512
0.7921969890594482,306,0,512,512
0.7921969890594482,204,0,512,512
0.7993826866149902,306,0,512,512
0.7993826866149902,204,0,512,512
0.7993826866149902,306,0,512,512
0.7993826866149902,204,0,512,512
0.7993826866149902,306,0,512,512
0.7993826866149902,204,0,512,512
0.7993826866149902,306,0,512,512
0.7993826866149902,204,0,512,512
0.7993826866149902,306,0,512,512
0.8074760437011719,204,0,512,512
0.8074760437011719,204,0,512,512
0.809239387512207,306,0,512,512
0.809239387512207,204,0,512,512
0.809239387512207,306,0,512,512
0.809239387512207,204,0,512,512
0.809239387512207,306,0,512,512
0.809239387512207,204,0,512,512
0.809239387512207,306,0,512,512
0.809239387512207,204,0,512,512
0.809239387512207,306,0,512,512
0.809239387512207,305,0,512,512
0.809239387512207,407,0,512,512
0.809239387512207,305,0,512,512
0.809239387512207,407,0,512,512
0.809239387512207,305,0,512,512
0.809239387512207,306,0,512,512
0.809239387512207,306,0,512,512
0.809239387512207,204,0,512,512
0.8233566284179688,306,0,512,512
0.8233566284179688,204,0,512,512
0.8233566284179688,306,0,512,512
0.8233566284179688,204,0,512,512
0.8233566284179688,306,0,512,512
0.8233566284179688,204,0,512,512
0.8233566284179688,306,0,512,512
0.8233566284179688,204,0,512,512
0.8233566284179688,306,0,512,512
0.8233566284179688,204,0,512,512
0.8233566284179688,306,0,512,512
0.8233566284179688,204,0,512,512
0.8233566284179688,306,0,512,512
0.8233566284179688,204,0,512,512
0.8233566284179688,204,0,512,512
0.8233566284179688,306,0,512,512
0.8233566284179688,204,0,512,512
0.8233566284179688,306,0,512,512
0.8233566284179688,204,0,512,512
0.8391082286834717,306,0,512,512
0.8391082286834717,204,0,512,512
0.8416569232940674,306,0,512,512
0.8416569232940674,204,0,512,512
0.8416569232940674,306,0,512,512
0.8416569232940674,305,0,512,512
0.8416569232940674,407,0,512,512
0.8416569232940674,305,0,512,512
0.8416569232940674,407,0,512,512
0.8416569232940674,305,0,512,512
0.8416569232940674,306,0,512,512
0.8416569232940674,306,0,512,512
0.8416569232940674,204,0,512,512
0.8416569232940674,306,0,512,512
0.8416569232940674,204,0,512,512
0.8416569232940674,306,0,512,512
0.8416569232940674,204,0,512,512
0.8416569232940674,306,0,512,512
0.8548085689544678,204,0,512,512
0.8548085689544678,306,0,512,512
0.8548085689544678,204,0,512,512
0.8548085689544678,306,0,512,512
0.8548085689544678,204,0,512,512
0.8548085689544678,306,0,512,512
0.8548085689544678,204,0,512,512
0.8548085689544678,306,0,512,512
0.8548085689544678,204,0,512,512
0.8548085689544678,204,0,512,512
0.8548085689544678,306,0,512,512
0.8548085689544678,204,0,512,512
0.8548085689544678,306,0,512,512
0.8548085689544678,204,0,512,512
0.8548085689544678,306,0,512,512
0.8548085689544678,204,0,512,512
0.8548085689544678,306,0,512,512
0.8548085689544678,204,0,512,512
0.8706443309783936,306,0,512,512
0.8706443309783936,305,0,512,512
0.8706443309783936,407,0,512,512
0.8706443309783936,305,0,512,512
0.8706443309783936,407,0,512,512
0.8706443309783936,305,0,512,512
0.8756756782531738,306,0,512,512
0.8756756782531738,306,0,512,512
0.8756756782531738,204,0,512,512
0.8779723644256592,306,0,512,512
0.8779723644256592,204,0,512,512
0.8779723644256592,306,0,512,512
0.880526065826416,204,0,512,512
0.880526065826416,306,0,512,512
0.880526065826416,204,0,512,512
0.880526065826416,306,0,512,512
0.880526065826416,204,0,512,512
0.880526065826416,306,0,512,512
0.880526065826416,204,0,512,512
0.8863425254821777,306,0,512,512
0.8872470855712891,204,0,512,512
0.8879842758178711,306,0,512,512
0.8890378475189209,204,0,512,512
0.8898653984069824,204,0,512,512
0.890573263168335,306,0,512,512
0.890573263168335,204,0,512,512
0.890573263168335,306,0,512,512
0.8933215141296387,204,0,512,512
0.8941993713378906,306,0,512,512
0.8948991298675537,204,0,512,512
0.8948991298675537,306,0,512,512
0.8948991298675537,204,0,512,512
0.8969111442565918,306,0,512,512
0.8969111442565918,305,0,512,512
0.8993005752563477,407,0,512,512
0.8993005752563477,305,0,512,512
0.8993005752563477,407,0,512,512
0.9013087749481201,305,0,512,512
0.9023172855377197,306,0,512,512
0.9034857749938965,306,0,512,512
0.9039933681488037,204,0,512,512
0.9039933681488037,306,0,512,512
0.9039933681488037,204,0,512,512
0.9039933681488037,306,0,512,512
0.907569408416748,204,0,512,512
0.9083647727966309,306,0,512,512
0.9083647727966309,204,0,512,512
0.9103741645812988,306,0,512,512
0.9103741645812988,204,0,512,512
0.9103741645812988,306,0,512,512
0.9123818874359131,204,0,512,512
0.9143881797790527,306,0,512,512
0.9143881797790527,204,0,512,512
0.9143881797790527,306,0,512,512
0.9143881797790527,204,0,512,512
0.9143881797790527,204,0,512,512
0.9179842472076416,306,0,512,512
0.9179842472076416,204,0,512,512
0.9179842472076416,306,0,512,512
0.9179842472076416,204,0,512,512
0.9179842472076416,306,0,512,512
0.9179842472076416,204,0,512,512
0.9179842472076416,306,0,512,512
0.9179842472076416,204,0,512,512
0.9179842472076416,306,0,512,512
0.9179842472076416,305,0,512,512
0.9179842472076416,407,0,512,512
0.9179842472076416,305,0,512,512
0.9179842472076416,407,0,512,512
0.9290063381195068,305,0,512,512
0.929516077041626,306,0,512,512
0.929516077041626,306,0,512,512
0.929516077041626,204,0,512,512
0.9324676990509033,306,0,512,512
0.9324676990509033,204,0,512,512
0.9345340728759766,306,0,512,512
0.9348735809326172,204,0,512,512
0.9348735809326172,306,0,512,512
0.9348735809326172,204,0,512,512
0.9348735809326172,306,0,512,512
0.9348735809326172,204,0,512,512
0.9348735809326172,306,0,512,512
0.9348735809326172,204,0,512,512
0.941490650177002,306,0,512,512
0.941490650177002,204,0,512,512
0.9424731731414795,306,0,512,512
0.9424731731414795,204,0,512,512
0.9444844722747803,204,0,512,512
0.9444844722747803,306,0,512,512
0.9444844722747803,204,0,512,512
0.9444844722747803,306,0,512,512
0.9444844722747803,204,0,512,512
0.948061466217041,306,0,512,512
0.948061466217041,204,0,512,512
0.9498012065887451,306,0,512,512
0.9498012065887451,204,0,512,512
0.9498012065887451,306,0,512,512
0.9498012065887451,305,0,512,512
0.9531290531158447,407,0,512,512
0.9531290531158447,305,0,512,512
0.9551396369934082,407,0,512,512
0.9551396369934082,305,0,512,512
0.958076000213623,306,0,512,512
0.958076000213623,306,0,512,512
0.9587688446044922,204,0,512,512
0.9596383571624756,306,0,512,512
0.9596383571624756,204,0,512,512
0.9596383571624756,306,0,512,512
0.9596383571624756,204,0,512,512
0.9596383571624756,306,0,512,512
0.9633595943450928,204,0,512,512
0.9633595943450928,306,0,512,512
0.965367317199707,204,0,512,512
0.965367317199707,306,0,512,512
0.965367317199707,204,0,512,512
0.965367317199707,306,0,512,512
0.965367317199707,204,0,512,512
0.965367317199707,306,0,512,512
0.965367317199707,204,0,512,512
0.965367317199707,204,0,512,512
0.965367317199707,306,0,512,512
0.965367317199707,204,0,512,512
0.965367317199707,306,0,512,512
0.975236177444458,204,0,512,512
0.975236177444458,306,0,512,512
0.975236177444458,204,0,512,512
0.975236177444458,306,0,512,512
0.975236177444458,204,0,512,512
0.975236177444458,306,0,512,512
0.975236177444458,305,0,512,512
0.9810066223144531,407,0,512,512
0.9810066223144531,305,0,512,512
0.9810066223144531,407,0,512,512
0.9835236072540283,305,0,512,512
0.9835236072540283,306,0,512,512
0.9835236072540283,306,0,512,512
0.9855341911315918,204,0,512,512
0.9855341911315918,306,0,512,512
0.9875442981719971,204,0,512,512
0.9875442981719971,306,0,512,512
0.9875442981719971,204,0,512,512
0.991178035736084,306,0,512,512
0.991178035736084,204,0,512,512
0.991178035736084,306,0,512,512
0.991178035736084,204,0,512,512
0.9931883811950684,306,0,512,512
0.9931883811950684,204,0,512,512
0.9951982498168945,306,0,512,512
0.9951982498168945,204,0,512,512
0.9969494342803955,306,0,512,512
0.9969494342803955,204,0,512,512
0.9969494342803955,204,0,512,512
0.9995274543762207,306,0,512,512
0.9995274543762207,204,0,512,512
0.9995274543762207,306,0,512,512
1.0015349388122559,204,0,512,512
1.0015349388122559,306,0,512,512
1.0035443305969238,204,0,512,512
1.0035443305969238,306,0,512,512
1.0035443305969238,204,0,512,512
1.0035443305969238,306,0,512,512
1.0035443305969238,305,0,512,512
1.0078649520874023,407,0,512,512
1.0078649520874023,305,0,512,512
1.009875774383545,407,0,512,512
1.009875774383545,305,0,512,512
1.009875774383545,306,0,512,512
1.0118584632873535,306,0,512,512
1.0128681659698486,204,0,512,512
1.0140585899353027,306,0,512,512
1.0140585899353027,204,0,512,512
1.0140585899353027,306,0,512,512
1.0140585899353027,204,0,512,512
1.0140585899353027,306,0,512,512
1.0140585899353027,204,0,512,512
1.0140585899353027,306,0,512,512
1.0195097923278809,204,0,512,512
1.0195097923278809,306,0,512,512
1.0215215682983398,204,0,512,512
1.0215215682983398,306,0,512,512
1.0235316753387451,204,0,512,512
1.0235316753387451,306,0,512,512
1.0235316753387451,204,0,512,512
1.0255370140075684,204,0,512,512
1.0255370140075684,306,0,512,512
1.0275461673736572,204,0,512,512
1.0285556316375732,306,0,512,512
1.0285556316375732,204,0,512,512
1.0285556316375732,306,0,512,512
1.0285556316375732,204,0,512,512
1.0285556316375732,306,0,512,512
1.0322580337524414,204,0,512,512
1.0322580337524414,306,0,512,512
1.0322580337524414,305,0,512,512
1.0322580337524414,407,0,512,512
1.0322580337524414,305,0,512,512
1.0371098518371582,407,0,512,512
1.0371098518371582,305,0,512,512
1.0371098518371582,306,0,512,512
1.039121389389038,306,0,512,512
1.0411291122436523,204,0,512,512
1.0411291122436523,306,0,512,512
1.0411291122436523,204,0,512,512
1.0411291122436523,306,0,512,512
1.043135643005371,204,0,512,512
1.044645071029663,306,0,512,512
1.044645071029663,204,0,512,512
1.044645071029663,306,0,512,512
1.044645071029663,204,0,512,512
1.044645071029663,306,0,512,512
1.044645071029663,204,0,512,512
1.044645071029663,306,0,512,512
1.044645071029663,204,0,512,512
1.044645071029663,306,0,512,512
1.044645071029663,204,0,512,512
1.044645071029663,204,0,512,512
1.044645071029663,306,0,512,512
1.044645071029663,204,0,512,512
1.044645071029663,306,0,512,512
1.044645071029663,204,0,512,512
1.044645071029663,306,0,512,512
1.044645071029663,204,0,512,512
1.0585501194000244,306,0,512,512
1.0585501194000244,204,0,512,512
1.0602917671203613,306,0,512,512
1.0602917671203613,306,0,512,512
1.062302589416504,409,0,512,512
1.062302589416504,306,0,512,512
1.0643384456634521,409,0,512,512
1.065117597579956,306,0,512,512
1.0658745765686035,306,0,512,512
1.0658745765686035,306,0,512,512
1.0658745765686035,204,0,512,512
1.0658745765686035,306,0,512,512
1.069422721862793,204,0,512,512
1.069422721862793,306,0,512,512
1.069422721862793,204,0,512,512
1.0712833404541016,306,0,512,512
1.0712833404541016,204,0,512,512
1.0712833404541016,306,0,512,512
1.0712833404541016,204,0,512,512
1.074887752532959,306,0,512,512
1.074887752532959,204,0,512,512
1.077195644378662,306,0,512,512
1.0777034759521484,204,0,512,512
1.0786137580871582,306,0,512,512
1.0794003009796143,204,0,512,512
1.0804147720336914,204,0,512,512
1.0811843872070312,306,0,512,512
1.081955909729004,204,0,512,512
1.0829699039459229,306,0,512,512
1.083763837814331,204,0,512,512
1.0844855308532715,306,0,512,512
1.085517168045044,204,0,512,512
1.0862901210784912,306,0,512,512
1.0870378017425537,204,0,512,512
1.0880424976348877,306,0,512,512
1.0886509418487549,305,0,512,512
1.0896117687225342,407,0,512,512
1.0906310081481934,305,0,512,512
1.0906310081481934,407,0,512,512
1.092383623123169,305,0,512,512
1.093144416809082,306,0,512,512
1.0939619541168213,306,0,512,512
1.094658374786377,204,0,512,512
1.0957343578338623,306,0,512,512
1.0957343578338623,204,0,512,512
1.0957343578338623,306,0,512,512
1.0977458953857422,204,0,512,512
1.09903883934021,306,0,512,512
1.0998263359069824,204,0,512,512
1.1008527278900146,306,0,512,512
1.1016044616699219,204,0,512,512
1.1023335456848145,306,0,512,512
1.1033802032470703,204,0,512,512
1.1041500568389893,306,0,512,512
1.104881763458252,204,0,512,512
1.1059317588806152,306,0,512,512
1.106705665588379,204,0,512,512
1.106705665588379,204,0,512,512
1.1084518432617188,306,0,512,512
1.108959674835205,204,0,512,512
1.108959674835205,306,0,512,512
1.110968828201294,204,0,512,512
1.110968828201294,306,0,512,512
1.110968828201294,204,0,512,512
1.110968828201294,306,0,512,512
1.110968828201294,204,0,512,512
1.110968828201294,306,0,512,512
1.110968828201294,305,0,512,512
1.110968828201294,407,0,512,512
1.110968828201294,305,0,512,512
1.110968828201294,407,0,512,512
1.110968828201294,305,0,512,512
1.110968828201294,306,0,512,512
1.110968828201294,306,0,512,512
1.110968828201294,204,0,512,512
1.110968828201294,306,0,512,512
1.110968828201294,204,0,512,512
1.1247889995574951,306,0,512,512
1.1249372959136963,204,0,512,512
1.1249372959136963,306,0,512,512
1.1249372959136963,204,0,512,512
1.1249372959136963,306,0,512,512
1.1249372959136963,204,0,512,512
1.1249372959136963,306,0,512,512
1.1249372959136963,204,0,512,512
1.1249372959136963,306,0,512,512
1.1249372959136963,204,0,512,512
1.1249372959136963,306,0,512,512
1.1249372959136963,204,0,512,512
1.1249372959136963,204,0,512,512
1.1249372959136963,306,0,512,512
1.1249372959136963,204,0,512,512
1.1249372959136963,306,0,512,512
1.1249372959136963,204,0,512,512
1.1249372959136963,306,0,512,512
1.1398382186889648,204,0,512,512
1.1398382186889648,306,0,512,512
1.1398382186889648,204,0,512,512
1.1398382186889648,306,0,512,512
1.1398382186889648,305,0,512,512
1.1398382186889648,407,0,512,512
1.1398382186889648,305,0,512,512
1.1398382186889648,407,0,512,512
1.1398382186889648,305,0,512,512
1.1398382186889648,306,0,512,512
1.1398382186889648,306,0,512,512
1.1398382186889648,204,0,512,512
1.1398382186889648,306,0,512,512
1.1398382186889648,204,0,512,512
1.1398382186889648,306,0,512,512
1.1398382186889648,204,0,512,512
1.1398382186889648,306,0,512,512
1.1398382186889648,204,0,512,512
1.1398382186889648,306,0,512,512
1.155566692352295,204,0,512,512
1.155566692352295,306,0,512,512
1.155566692352295,204,0,512,512
1.155566692352295,306,0,512,512
1.155566692352295,204,0,512,512
1.155566692352295,306,0,512,512
1.155566692352295,204,0,512,512
1.155566692352295,204,0,512,512
1.155566692352295,306,0,512,512
1.155566692352295,204,0,512,512
1.155566692352295,306,0,512,512
1.155566692352295,204,0,512,512
1.155566692352295,306,0,512,512
1.155566692352295,204,0,512,512
1.155566692352295,306,0,512,512
1.155566692352295,204,0,512,512
1.155566692352295,306,0,512,512
1.155566692352295,305,0,512,512
1.1712772846221924,407,0,512,512
1.1712772846221924,305,0,512,512
1.1712772846221924,407,0,512,512
1.1712772846221924,305,0,512,512
1.1712772846221924,306,0,512,512
1.1712772846221924,306,0,512,512
1.1712772846221924,204,0,512,512
1.1712772846221924,306,0,512,512
1.1712772846221924,204,0,512,512
1.1712772846221924,306,0,512,512
1.1712772846221924,204,0,512,512
1.1712772846221924,306,0,512,512
1.1712772846221924,204,0,512,512
1.1712772846221924,306,0,512,512
1.1712772846221924,204,0,512,512
1.1712772846221924,306,0,512,512
1.1712772846221924,204,0,512,512
1.1712772846221924,306,0,512,512
1.187108039855957,204,0,512,512
1.187108039855957,306,0,512,512
1.1886210441589355,204,0,512,512
1.1886210441589355,204,0,512,512
1.1912894248962402,204,0,512,512
1.1912894248962402,306,0,512,512
1.1929142475128174,204,0,512,512
